store_chain,mean_cor,median_cor,pct_positive
Magnit,0.11881365824489236,0.10857408029694231,57.14285714285714
Pyaterochka,0.7265225678260295,0.7776736147798573,100
